chr	start	end	sum_pLI_complete	sum_LOEUF_complete	locus	n_genes	genes
1	145390000	145810000	3.405177653086	21.4776501136372	TAR	13	ENSG00000117262-ENSG00000234367-ENSG00000174827-ENSG00000117281-ENSG00000265491-ENSG00000270384-ENSG00000286620-ENSG00000270722-ENSG00000287374-ENSG00000278182-ENSG00000275064-ENSG00000272150-ENSG00000162825
1	146530000	147390000	1.697014217	9.09895209629345	1q21.1	21	ENSG00000213226-ENSG00000236806-ENSG00000237188-ENSG00000276975-ENSG00000131781-ENSG00000278811-ENSG00000226015-ENSG00000274408-ENSG00000274450-ENSG00000131778-ENSG00000244371-ENSG00000234225-ENSG00000227242-ENSG00000225603-ENSG00000201142-ENSG00000230832-ENSG00000286172-ENSG00000283342-ENSG00000131791-ENSG00000180867-ENSG00000268043
10	49390000	51060000	1.6139089253005	22.6851284567282	10q11.23	43	ENSG00000230011-ENSG00000226200-ENSG00000213667-ENSG00000148584-ENSG00000232706-ENSG00000229711-ENSG00000236944-ENSG00000261368-ENSG00000226168-ENSG00000287221-ENSG00000231345-ENSG00000230166-ENSG00000288603-ENSG00000222108-ENSG00000285803-ENSG00000226631-ENSG00000099290-ENSG00000233011-ENSG00000225137-ENSG00000185532-ENSG00000204147-ENSG00000286401-ENSG00000279863-ENSG00000235939-ENSG00000204152-ENSG00000197444-ENSG00000226389-ENSG00000229870-ENSG00000178440-ENSG00000198964-ENSG00000225303-ENSG00000238523-ENSG00000231588-ENSG00000225830-ENSG00000271237-ENSG00000070748-ENSG00000187714-ENSG00000178645-ENSG00000165606-ENSG00000227345-ENSG00000188611-ENSG00000204149-ENSG00000235618
10	82050000	88930000	4.93525197774774	38.6351982331652	10q23	122	ENSG00000285739-ENSG00000223565-ENSG00000270002-ENSG00000233258-ENSG00000234942-ENSG00000184923-ENSG00000237267-ENSG00000285257-ENSG00000230962-ENSG00000286445-ENSG00000280134-ENSG00000107789-ENSG00000236417-ENSG00000178429-ENSG00000182771-ENSG00000224504-ENSG00000224914-ENSG00000236606-ENSG00000228055-ENSG00000275015-ENSG00000237740-ENSG00000231569-ENSG00000279910-ENSG00000288218-ENSG00000107771-ENSG00000184719-ENSG00000229458-ENSG00000225738-ENSG00000287057-ENSG00000234931-ENSG00000233945-ENSG00000286876-ENSG00000223993-ENSG00000287077-ENSG00000185737-ENSG00000223064-ENSG00000200774-ENSG00000252292-ENSG00000200487-ENSG00000199104-ENSG00000278333-ENSG00000212324-ENSG00000207275-ENSG00000283672-ENSG00000230507-ENSG00000272631-ENSG00000270874-ENSG00000201548-ENSG00000237205-ENSG00000182333-ENSG00000271408-ENSG00000226358-ENSG00000235150-ENSG00000173239-ENSG00000204020-ENSG00000214562-ENSG00000287475-ENSG00000286359-ENSG00000062650-ENSG00000212332-ENSG00000227896-ENSG00000223761-ENSG00000225913-ENSG00000196566-ENSG00000234192-ENSG00000198682-ENSG00000138138-ENSG00000223820-ENSG00000243782-ENSG00000227268-ENSG00000213613-ENSG00000200891-ENSG00000200176-ENSG00000173269-ENSG00000281974-ENSG00000173267-ENSG00000272734-ENSG00000148671-ENSG00000273413-ENSG00000271880-ENSG00000240089-ENSG00000151303-ENSG00000272508-ENSG00000261011-ENSG00000229969-ENSG00000188100-ENSG00000271573-ENSG00000200253-ENSG00000122376-ENSG00000237280-ENSG00000273946-ENSG00000148672-ENSG00000204021-ENSG00000227905-ENSG00000289051-ENSG00000107779-ENSG00000122375-ENSG00000289258-ENSG00000122367-ENSG00000152766-ENSG00000234256-ENSG00000138134-ENSG00000200789-ENSG00000212769-ENSG00000271933-ENSG00000165678-ENSG00000285972-ENSG00000188373-ENSG00000148600-ENSG00000204033-ENSG00000148604-ENSG00000148602-ENSG00000229404-ENSG00000233189-ENSG00000225423-ENSG00000225928-ENSG00000288918-ENSG00000204022-ENSG00000171862-ENSG00000223482-ENSG00000289952-ENSG00000288875
13	23560000	24880000	0.0662642490661463	5.84106323155316	13q12.12	35	ENSG00000102699-ENSG00000027001-ENSG00000233545-ENSG00000205822-ENSG00000288103-ENSG00000240868-ENSG00000232102-ENSG00000273167-ENSG00000243008-ENSG00000277040-ENSG00000227213-ENSG00000287376-ENSG00000182957-ENSG00000244615-ENSG00000285228-ENSG00000234627-ENSG00000261498-ENSG00000252695-ENSG00000205863-ENSG00000196593-ENSG00000287530-ENSG00000228741-ENSG00000225674-ENSG00000205861-ENSG00000127863-ENSG00000240654-ENSG00000285806-ENSG00000231417-ENSG00000287887-ENSG00000226695-ENSG00000075673-ENSG00000207474-ENSG00000225404-ENSG00000132972-ENSG00000289332
15	22810000	23090000	1.4822462	7.43566480662645	15g11.2	5	ENSG00000276172-ENSG00000170113-ENSG00000140157-ENSG00000275835-ENSG00000273749
15	23680000	24330000	1.4163569709	7.26848715553146	15g11.2d	8	ENSG00000259905-ENSG00000260780-ENSG00000260959-ENSG00000260551-ENSG00000182636-ENSG00000286973-ENSG00000206616-ENSG00000260232
15	24820000	28390000	6.45502000000768	18.9778525820629	PWAS	147	ENSG00000259152-ENSG00000286884-ENSG00000214265-ENSG00000287922-ENSG00000259905-ENSG00000214254-ENSG00000287482-ENSG00000261426-ENSG00000259168-ENSG00000206187-ENSG00000235731-ENSG00000257647-ENSG00000259150-ENSG00000258853-ENSG00000241061-ENSG00000278840-ENSG00000258594-ENSG00000235518-ENSG00000258970-ENSG00000279735-ENSG00000286110-ENSG00000242793-ENSG00000258624-ENSG00000186297-ENSG00000242088-ENSG00000224078-ENSG00000228992-ENSG00000259011-ENSG00000259122-ENSG00000104044-ENSG00000166206-ENSG00000287280-ENSG00000223628-ENSG00000232394-ENSG00000228740-ENSG00000280118-ENSG00000182256-ENSG00000261069-ENSG00000279192-ENSG00000258965-ENSG00000258931-ENSG00000222123-ENSG00000266517-ENSG00000212604-ENSG00000200326-ENSG00000207191-ENSG00000200661-ENSG00000206609-ENSG00000206656-ENSG00000276314-ENSG00000276610-ENSG00000239014-ENSG00000274640-ENSG00000207063-ENSG00000207001-ENSG00000207014-ENSG00000275529-ENSG00000207442-ENSG00000207133-ENSG00000207093-ENSG00000206727-ENSG00000207197-ENSG00000207137-ENSG00000206621-ENSG00000207174-ENSG00000207263-ENSG00000206688-ENSG00000207460-ENSG00000278715-ENSG00000277785-ENSG00000275127-ENSG00000207375-ENSG00000207279-ENSG00000252326-ENSG00000251815-ENSG00000251896-ENSG00000278123-ENSG00000207245-ENSG00000252277-ENSG00000279050-ENSG00000212428-ENSG00000270814-ENSG00000201831-ENSG00000199712-ENSG00000199970-ENSG00000200680-ENSG00000200503-ENSG00000200812-ENSG00000278089-ENSG00000200726-ENSG00000199782-ENSG00000201943-ENSG00000200486-ENSG00000199453-ENSG00000273835-ENSG00000199960-ENSG00000201679-ENSG00000200757-ENSG00000201482-ENSG00000200163-ENSG00000199968-ENSG00000201969-ENSG00000199833-ENSG00000201326-ENSG00000201331-ENSG00000200398-ENSG00000199489-ENSG00000275524-ENSG00000201300-ENSG00000200801-ENSG00000199704-ENSG00000200987-ENSG00000202188-ENSG00000200949-ENSG00000200593-ENSG00000199311-ENSG00000201992-ENSG00000202499-ENSG00000200638-ENSG00000201907-ENSG00000200564-ENSG00000272460-ENSG00000200478-ENSG00000201143-ENSG00000202373-ENSG00000202261-ENSG00000280234-ENSG00000212380-ENSG00000276844-ENSG00000212528-ENSG00000201634-ENSG00000239169-ENSG00000261529-ENSG00000114062-ENSG00000128739-ENSG00000256338-ENSG00000261401-ENSG00000261561-ENSG00000261497-ENSG00000153684-ENSG00000128731-ENSG00000206190-ENSG00000237850-ENSG00000289522-ENSG00000273173-ENSG00000235160-ENSG00000276891
15	29160000	30380000	1.19552	16.4777865921683	15q13.1	35	ENSG00000259690-ENSG00000259814-ENSG00000259300-ENSG00000287334-ENSG00000259644-ENSG00000234664-ENSG00000259523-ENSG00000259749-ENSG00000259647-ENSG00000260174-ENSG00000229389-ENSG00000104067-ENSG00000259299-ENSG00000252868-ENSG00000185115-ENSG00000104059-ENSG00000259993-ENSG00000270955-ENSG00000279417-ENSG00000166664-ENSG00000289455-ENSG00000179938-ENSG00000273818-ENSG00000261792-ENSG00000178081-ENSG00000207432-ENSG00000261247-ENSG00000277637-ENSG00000260897-ENSG00000261747-ENSG00000259906-ENSG00000225930-ENSG00000206972-ENSG00000238783-ENSG00000256802
15	31080000	32460000	1.63876	7.39018307628531	15q13.3	27	ENSG00000201084-ENSG00000279912-ENSG00000271078-ENSG00000207257-ENSG00000260211-ENSG00000260642-ENSG00000288627-ENSG00000261491-ENSG00000275776-ENSG00000215304-ENSG00000206987-ENSG00000261708-ENSG00000206127-ENSG00000274076-ENSG00000259358-ENSG00000277500-ENSG00000206849-ENSG00000175344-ENSG00000259448-ENSG00000169926-ENSG00000259179-ENSG00000259696-ENSG00000134160-ENSG00000169918-ENSG00000249931-ENSG00000261279-ENSG00000259772
15	72900000	78150000	17.3101757183647	112.322455382437	15g24	175	ENSG00000259650-ENSG00000183324-ENSG00000281183-ENSG00000286696-ENSG00000167139-ENSG00000156642-ENSG00000178802-ENSG00000140464-ENSG00000261775-ENSG00000259931-ENSG00000178741-ENSG00000214702-ENSG00000140481-ENSG00000274937-ENSG00000261779-ENSG00000241890-ENSG00000067141-ENSG00000140382-ENSG00000280309-ENSG00000260892-ENSG00000138629-ENSG00000140505-ENSG00000261813-ENSG00000277749-ENSG00000138621-ENSG00000259440-ENSG00000129009-ENSG00000260266-ENSG00000275645-ENSG00000260096-ENSG00000138622-ENSG00000259790-ENSG00000179151-ENSG00000138623-ENSG00000259186-ENSG00000203392-ENSG00000240366-ENSG00000274515-ENSG00000261205-ENSG00000260165-ENSG00000277718-ENSG00000260269-ENSG00000287543-ENSG00000259691-ENSG00000140459-ENSG00000260357-ENSG00000213578-ENSG00000159289-ENSG00000137868-ENSG00000140474-ENSG00000173546-ENSG00000167173-ENSG00000261384-ENSG00000067221-ENSG00000261714-ENSG00000260483-ENSG00000129038-ENSG00000279033-ENSG00000260152-ENSG00000259362-ENSG00000248540-ENSG00000261821-ENSG00000259528-ENSG00000140506-ENSG00000261606-ENSG00000178761-ENSG00000261543-ENSG00000198794-ENSG00000259722-ENSG00000140365-ENSG00000140497-ENSG00000169371-ENSG00000260104-ENSG00000140386-ENSG00000260206-ENSG00000260103-ENSG00000259420-ENSG00000287926-ENSG00000140398-ENSG00000260235-ENSG00000259666-ENSG00000260660-ENSG00000275454-ENSG00000259281-ENSG00000276744-ENSG00000169375-ENSG00000230459-ENSG00000277391-ENSG00000252722-ENSG00000212279-ENSG00000275992-ENSG00000278604-ENSG00000275411-ENSG00000199580-ENSG00000203411-ENSG00000278348-ENSG00000264386-ENSG00000284343-ENSG00000266449-ENSG00000201510-ENSG00000277295-ENSG00000280359-ENSG00000259213-ENSG00000260139-ENSG00000260776-ENSG00000261244-ENSG00000242066-ENSG00000214646-ENSG00000261403-ENSG00000261143-ENSG00000259792-ENSG00000199633-ENSG00000136425-ENSG00000166411-ENSG00000260988-ENSG00000178718-ENSG00000173548-ENSG00000103855-ENSG00000276807-ENSG00000260469-ENSG00000260624-ENSG00000169783-ENSG00000179361-ENSG00000275527-ENSG00000260919-ENSG00000205363-ENSG00000259259-ENSG00000179335-ENSG00000183476-ENSG00000167202-ENSG00000103653-ENSG00000173517-ENSG00000177971-ENSG00000169410-ENSG00000167178-ENSG00000140465-ENSG00000140400-ENSG00000140478-ENSG00000167195-ENSG00000169758-ENSG00000259422-ENSG00000196274-ENSG00000259581-ENSG00000287503-ENSG00000159556-ENSG00000259514-ENSG00000270036-ENSG00000288901-ENSG00000117906-ENSG00000243365-ENSG00000259565-ENSG00000140391-ENSG00000259652-ENSG00000278991-ENSG00000269951-ENSG00000140368-ENSG00000182950-ENSG00000246877-ENSG00000260815-ENSG00000261043-ENSG00000284385-ENSG00000187812-ENSG00000241807-ENSG00000261820-ENSG00000140367-ENSG00000266308-ENSG00000167196-ENSG00000169752-ENSG00000260685-ENSG00000140374-ENSG00000261232-ENSG00000260274-ENSG00000247240-ENSG00000260288-ENSG00000261801
16	15510000	16290000	2.2801954671	17.4058543097984	16p13.11	23	ENSG00000261130-ENSG00000166783-ENSG00000257769-ENSG00000284184-ENSG00000283736-ENSG00000262380-ENSG00000280206-ENSG00000263335-ENSG00000263065-ENSG00000280429-ENSG00000072864-ENSG00000241067-ENSG00000262332-ENSG00000263029-ENSG00000103226-ENSG00000133393-ENSG00000206778-ENSG00000262171-ENSG00000215003-ENSG00000103222-ENSG00000166780-ENSG00000133392-ENSG00000091262
16	16860000	18170000	0.98516	2.97619047619048	16p12.3	18	ENSG00000260242-ENSG00000286849-ENSG00000261555-ENSG00000103489-ENSG00000275927-ENSG00000228071-ENSG00000261448-ENSG00000259929-ENSG00000279410-ENSG00000280283-ENSG00000260675-ENSG00000279415-ENSG00000260405-ENSG00000279620-ENSG00000261748-ENSG00000279490-ENSG00000260945-ENSG00000285850
16	21950000	22430000	0.571961500083383	8.05791260623552	16p12.1	19	ENSG00000058600-ENSG00000140740-ENSG00000260395-ENSG00000275445-ENSG00000155714-ENSG00000286808-ENSG00000140743-ENSG00000260635-ENSG00000260790-ENSG00000230872-ENSG00000257122-ENSG00000185716-ENSG00000260277-ENSG00000175267-ENSG00000183921-ENSG00000287739-ENSG00000103319-ENSG00000261113-ENSG00000274460
16	28820000	29050000	3.8228069070397	21.389251898846	16pll.2d	22	ENSG00000260796-ENSG00000275807-ENSG00000260570-ENSG00000178952-ENSG00000283845-ENSG00000261766-ENSG00000252461-ENSG00000177548-ENSG00000177455-ENSG00000260853-ENSG00000284541-ENSG00000260367-ENSG00000169682-ENSG00000261067-ENSG00000261552-ENSG00000196796-ENSG00000196296-ENSG00000168488-ENSG00000178188-ENSG00000176953-ENSG00000213658-ENSG00000260442
16	29650000	30200000	6.55731740486	37.9039203626839	16pl1.2	50	ENSG00000103485-ENSG00000197471-ENSG00000149930-ENSG00000149929-ENSG00000169592-ENSG00000149927-ENSG00000274904-ENSG00000149923-ENSG00000090238-ENSG00000102886-ENSG00000261367-ENSG00000275371-ENSG00000102882-ENSG00000261416-ENSG00000169627-ENSG00000213599-ENSG00000132207-ENSG00000261052-ENSG00000103502-ENSG00000278713-ENSG00000174939-ENSG00000279789-ENSG00000247735-ENSG00000149925-ENSG00000167194-ENSG00000285043-ENSG00000174938-ENSG00000222375-ENSG00000185905-ENSG00000260719-ENSG00000174992-ENSG00000275857-ENSG00000259952-ENSG00000238045-ENSG00000280607-ENSG00000167371-ENSG00000280893-ENSG00000280789-ENSG00000281348-ENSG00000013364-ENSG00000079616-ENSG00000149922-ENSG00000103495-ENSG00000149926-ENSG00000149932-ENSG00000102879-ENSG00000174943-ENSG00000289181-ENSG00000250616-ENSG00000214725
17	14140000	15430000	1.16289500000003	5.09173768831334	17p12	28	ENSG00000006695-ENSG00000252305-ENSG00000223510-ENSG00000262786-ENSG00000125430-ENSG00000266709-ENSG00000266378-ENSG00000230897-ENSG00000226130-ENSG00000238212-ENSG00000226156-ENSG00000232058-ENSG00000259944-ENSG00000287307-ENSG00000265163-ENSG00000265110-ENSG00000279660-ENSG00000265445-ENSG00000286792-ENSG00000237377-ENSG00000125409-ENSG00000200437-ENSG00000279567-ENSG00000266667-ENSG00000239888-ENSG00000109099-ENSG00000205325-ENSG00000230647
17	16810000	20210000	13.0374463025105	74.5471418444608	PLS	193	ENSG00000286430-ENSG00000266311-ENSG00000265511-ENSG00000171953-ENSG00000196893-ENSG00000197665-ENSG00000271900-ENSG00000232344-ENSG00000189152-ENSG00000263107-ENSG00000142494-ENSG00000230273-ENSG00000133027-ENSG00000242752-ENSG00000279825-ENSG00000266079-ENSG00000177427-ENSG00000266664-ENSG00000227225-ENSG00000171962-ENSG00000226746-ENSG00000177731-ENSG00000261987-ENSG00000279200-ENSG00000091542-ENSG00000108591-ENSG00000280198-ENSG00000235672-ENSG00000266179-ENSG00000228725-ENSG00000279428-ENSG00000262769-ENSG00000260647-ENSG00000264167-ENSG00000197815-ENSG00000262292-ENSG00000262319-ENSG00000265185-ENSG00000141034-ENSG00000141127-ENSG00000108599-ENSG00000263394-ENSG00000262074-ENSG00000237382-ENSG00000177302-ENSG00000228157-ENSG00000230197-ENSG00000228000-ENSG00000176994-ENSG00000188522-ENSG00000266677-ENSG00000262202-ENSG00000263045-ENSG00000265746-ENSG00000237328-ENSG00000223979-ENSG00000228983-ENSG00000224254-ENSG00000231625-ENSG00000206730-ENSG00000274111-ENSG00000207839-ENSG00000277947-ENSG00000281000-ENSG00000273948-ENSG00000274836-ENSG00000212618-ENSG00000283772-ENSG00000072210-ENSG00000264932-ENSG00000275982-ENSG00000252349-ENSG00000262681-ENSG00000264785-ENSG00000108602-ENSG00000230607-ENSG00000083290-ENSG00000231096-ENSG00000279251-ENSG00000276406-ENSG00000270091-ENSG00000214860-ENSG00000264177-ENSG00000267441-ENSG00000275206-ENSG00000204471-ENSG00000220161-ENSG00000205266-ENSG00000266162-ENSG00000186831-ENSG00000214856-ENSG00000229526-ENSG00000227919-ENSG00000267492-ENSG00000230662-ENSG00000171916-ENSG00000167494-ENSG00000227689-ENSG00000227077-ENSG00000276532-ENSG00000262262-ENSG00000287058-ENSG00000174977-ENSG00000224126-ENSG00000265693-ENSG00000171931-ENSG00000171928-ENSG00000265478-ENSG00000250111-ENSG00000274747-ENSG00000264273-ENSG00000233327-ENSG00000273018-ENSG00000249459-ENSG00000265853-ENSG00000128438-ENSG00000240505-ENSG00000230709-ENSG00000230969-ENSG00000260328-ENSG00000287114-ENSG00000287910-ENSG00000225442-ENSG00000263624-ENSG00000206859-ENSG00000243370-ENSG00000278864-ENSG00000179598-ENSG00000264187-ENSG00000154803-ENSG00000266498-ENSG00000226359-ENSG00000141030-ENSG00000205309-ENSG00000215030-ENSG00000227158-ENSG00000230865-ENSG00000201741-ENSG00000141026-ENSG00000108551-ENSG00000133030-ENSG00000263934-ENSG00000264940-ENSG00000236022-ENSG00000263206-ENSG00000281856-ENSG00000235397-ENSG00000221540-ENSG00000286799-ENSG00000166484-ENSG00000166482-ENSG00000287196-ENSG00000128482-ENSG00000265126-ENSG00000235979-ENSG00000227078-ENSG00000283675-ENSG00000189343-ENSG00000231477-ENSG00000228331-ENSG00000154025-ENSG00000175662-ENSG00000154016-ENSG00000266126-ENSG00000261033-ENSG00000225681-ENSG00000225014-ENSG00000212186-ENSG00000180638-ENSG00000240445-ENSG00000263494-ENSG00000072310-ENSG00000108557-ENSG00000131899-ENSG00000176974-ENSG00000091536-ENSG00000108641-ENSG00000128487-ENSG00000072134-ENSG00000189375-ENSG00000272815-ENSG00000264892-ENSG00000226145-ENSG00000227300-ENSG00000131885-ENSG00000205312-ENSG00000229749-ENSG00000283033-ENSG00000154874-ENSG00000289213-ENSG00000108448-ENSG00000290056-ENSG00000264666
17	29120000	30270000	5.0261215447	24.8468120160478	17q11.2	53	ENSG00000108578-ENSG00000265394-ENSG00000126653-ENSG00000266987-ENSG00000266919-ENSG00000108576-ENSG00000265713-ENSG00000264125-ENSG00000265739-ENSG00000266120-ENSG00000240074-ENSG00000264435-ENSG00000266111-ENSG00000263477-ENSG00000267482-ENSG00000263657-ENSG00000265289-ENSG00000266876-ENSG00000141298-ENSG00000252657-ENSG00000239129-ENSG00000252112-ENSG00000222363-ENSG00000253064-ENSG00000202205-ENSG00000284162-ENSG00000207011-ENSG00000283935-ENSG00000284399-ENSG00000160551-ENSG00000168792-ENSG00000264031-ENSG00000167543-ENSG00000264290-ENSG00000108262-ENSG00000198720-ENSG00000264647-ENSG00000264007-ENSG00000263370-ENSG00000222858-ENSG00000265625-ENSG00000240531-ENSG00000263709-ENSG00000167549-ENSG00000176927-ENSG00000264808-ENSG00000196535-ENSG00000264050-ENSG00000178082-ENSG00000108255-ENSG00000108256-ENSG00000239256-ENSG00000290082
17	34810000	36220000	5.07069510184417	37.0838961701563	17g12	92	ENSG00000198783-ENSG00000006125-ENSG00000132141-ENSG00000005156-ENSG00000264622-ENSG00000285559-ENSG00000092871-ENSG00000267618-ENSG00000273687-ENSG00000267457-ENSG00000243423-ENSG00000253084-ENSG00000252328-ENSG00000073598-ENSG00000073536-ENSG00000141161-ENSG00000267782-ENSG00000266981-ENSG00000267744-ENSG00000166750-ENSG00000185379-ENSG00000267592-ENSG00000270885-ENSG00000270765-ENSG00000271447-ENSG00000271392-ENSG00000270806-ENSG00000270829-ENSG00000270871-ENSG00000270894-ENSG00000270379-ENSG00000271268-ENSG00000270240-ENSG00000271503-ENSG00000271394-ENSG00000270977-ENSG00000271013-ENSG00000267312-ENSG00000267554-ENSG00000267349-ENSG00000267046-ENSG00000267369-ENSG00000267074-ENSG00000255987-ENSG00000286030-ENSG00000267035-ENSG00000236320-ENSG00000267359-ENSG00000267625-ENSG00000242660-ENSG00000207297-ENSG00000108733-ENSG00000267271-ENSG00000267315-ENSG00000267711-ENSG00000267547-ENSG00000267745-ENSG00000267648-ENSG00000267102-ENSG00000172123-ENSG00000154760-ENSG00000172716-ENSG00000270647-ENSG00000205045-ENSG00000164729-ENSG00000289211-ENSG00000278023-ENSG00000275722-ENSG00000273736-ENSG00000275152-ENSG00000276409-ENSG00000275431-ENSG00000275688-ENSG00000275718-ENSG00000275944-ENSG00000278690-ENSG00000274736-ENSG00000275385-ENSG00000277089-ENSG00000277632-ENSG00000275302-ENSG00000276014-ENSG00000276241-ENSG00000289485-ENSG00000282738-ENSG00000274808-ENSG00000274767-ENSG00000276085-ENSG00000276070-ENSG00000266947-ENSG00000267321-ENSG00000267364
2	96740000	97680000	5.8903282205	42.7603947987036	2q11.2	47	ENSG00000279791-ENSG00000236847-ENSG00000270748-ENSG00000271402-ENSG00000275094-ENSG00000204670-ENSG00000273634-ENSG00000248134-ENSG00000144188-ENSG00000230343-ENSG00000188383-ENSG00000168754-ENSG00000275655-ENSG00000252845-ENSG00000144199-ENSG00000114988-ENSG00000158158-ENSG00000264157-ENSG00000273265-ENSG00000168763-ENSG00000163126-ENSG00000213337-ENSG00000168758-ENSG00000286654-ENSG00000274206-ENSG00000135976-ENSG00000277701-ENSG00000237837-ENSG00000271351-ENSG00000276050-ENSG00000271015-ENSG00000270252-ENSG00000271569-ENSG00000270450-ENSG00000278537-ENSG00000270187-ENSG00000230606-ENSG00000278766-ENSG00000235833-ENSG00000286036-ENSG00000228970-ENSG00000135940-ENSG00000115073-ENSG00000228486-ENSG00000201806-ENSG00000196912-ENSG00000289135
2	111390000	112010000	0.95082449712839	4.95642292002658	2g13	17	ENSG00000237583-ENSG00000227842-ENSG00000228615-ENSG00000230958-ENSG00000240350-ENSG00000271635-ENSG00000225744-ENSG00000172965-ENSG00000285016-ENSG00000280878-ENSG00000153107-ENSG00000266063-ENSG00000236307-ENSG00000153208-ENSG00000240183-ENSG00000225496-ENSG00000232277
2	131480000	131930000	0.11728752	5.12308428276874	2q21.1	20	ENSG00000224679-ENSG00000286208-ENSG00000213222-ENSG00000204434-ENSG00000287071-ENSG00000274353-ENSG00000229203-ENSG00000232760-ENSG00000287151-ENSG00000197927-ENSG00000186825-ENSG00000288031-ENSG00000270930-ENSG00000224559-ENSG00000251956-ENSG00000173272-ENSG00000075886-ENSG00000284149-ENSG00000163040-ENSG00000152117
22	18900000	20300000	8.355943582132	50.3543119056794	22q11.2	81	ENSG00000286367-ENSG00000070371-ENSG00000230194-ENSG00000251940-ENSG00000183628-ENSG00000283809-ENSG00000284294-ENSG00000280418-ENSG00000273032-ENSG00000283583-ENSG00000237517-ENSG00000271275-ENSG00000283366-ENSG00000270393-ENSG00000241527-ENSG00000206739-ENSG00000273311-ENSG00000237347-ENSG00000281530-ENSG00000232926-ENSG00000093010-ENSG00000284031-ENSG00000099889-ENSG00000183597-ENSG00000208023-ENSG00000236540-ENSG00000268292-ENSG00000277950-ENSG00000284140-ENSG00000284464-ENSG00000243762-ENSG00000099899-ENSG00000278278-ENSG00000099901-ENSG00000264346-ENSG00000099904-ENSG00000234409-ENSG00000233471-ENSG00000287146-ENSG00000100084-ENSG00000128191-ENSG00000244296-ENSG00000185065-ENSG00000070010-ENSG00000273300-ENSG00000273212-ENSG00000093009-ENSG00000287652-ENSG00000281548-ENSG00000230485-ENSG00000225007-ENSG00000184702-ENSG00000284874-ENSG00000203618-ENSG00000185838-ENSG00000235776-ENSG00000215012-ENSG00000249923-ENSG00000040608-ENSG00000221039-ENSG00000161132-ENSG00000184470-ENSG00000242259-ENSG00000223461-ENSG00000272682-ENSG00000231086-ENSG00000100056-ENSG00000206203-ENSG00000063515-ENSG00000100075-ENSG00000185608-ENSG00000100033-ENSG00000184113-ENSG00000286025-ENSG00000070413-ENSG00000184058-ENSG00000236499-ENSG00000289481-ENSG00000289946-ENSG00000260924-ENSG00000289960
22	20710000	21470000	2.00914656304583	23.3579312378318	22q11.2b	49	ENSG00000276800-ENSG00000099937-ENSG00000099940-ENSG00000272600-ENSG00000099942-ENSG00000285314-ENSG00000184436-ENSG00000284060-ENSG00000161149-ENSG00000284130-ENSG00000099960-ENSG00000226872-ENSG00000207575-ENSG00000206145-ENSG00000249680-ENSG00000284665-ENSG00000183773-ENSG00000206140-ENSG00000099957-ENSG00000197210-ENSG00000239511-ENSG00000224688-ENSG00000215498-ENSG00000234503-ENSG00000283972-ENSG00000187905-ENSG00000241973-ENSG00000226885-ENSG00000229266-ENSG00000169662-ENSG00000206142-ENSG00000237407-ENSG00000232771-ENSG00000279920-ENSG00000226534-ENSG00000273846-ENSG00000200057-ENSG00000252020-ENSG00000275840-ENSG00000169635-ENSG00000133475-ENSG00000283145-ENSG00000274600-ENSG00000286102-ENSG00000099949-ENSG00000230513-ENSG00000169668-ENSG00000237476-ENSG00000272829
22	21920000	23650000	2.580514729361	25.2398934055159	22q11.2d	170	ENSG00000275772-ENSG00000253963-ENSG00000237127-ENSG00000211677-ENSG00000253448-ENSG00000274381-ENSG00000278196-ENSG00000211667-ENSG00000254709-ENSG00000211669-ENSG00000211670-ENSG00000211668-ENSG00000254077-ENSG00000248409-ENSG00000226420-ENSG00000211678-ENSG00000231392-ENSG00000227755-ENSG00000211673-ENSG00000253234-ENSG00000211680-ENSG00000214526-ENSG00000211672-ENSG00000178248-ENSG00000228315-ENSG00000254029-ENSG00000211676-ENSG00000215478-ENSG00000211679-ENSG00000211675-ENSG00000211674-ENSG00000236611-ENSG00000253590-ENSG00000211682-ENSG00000222037-ENSG00000211681-ENSG00000254030-ENSG00000211685-ENSG00000211684-ENSG00000226477-ENSG00000264824-ENSG00000284049-ENSG00000237472-ENSG00000223679-ENSG00000100218-ENSG00000128266-ENSG00000283438-ENSG00000275635-ENSG00000186716-ENSG00000236794-ENSG00000240160-ENSG00000230701-ENSG00000100228-ENSG00000100034-ENSG00000224086-ENSG00000100038-ENSG00000197549-ENSG00000253239-ENSG00000211637-ENSG00000254355-ENSG00000278657-ENSG00000249333-ENSG00000211642-ENSG00000253794-ENSG00000228161-ENSG00000253874-ENSG00000254075-ENSG00000254161-ENSG00000253242-ENSG00000253752-ENSG00000253823-ENSG00000275361-ENSG00000211638-ENSG00000225741-ENSG00000263366-ENSG00000236118-ENSG00000233720-ENSG00000211639-ENSG00000227710-ENSG00000224465-ENSG00000254308-ENSG00000253637-ENSG00000236323-ENSG00000211640-ENSG00000253126-ENSG00000211641-ENSG00000253935-ENSG00000228050-ENSG00000234726-ENSG00000169575-ENSG00000279278-ENSG00000274422-ENSG00000234630-ENSG00000286129-ENSG00000272779-ENSG00000211643-ENSG00000211644-ENSG00000211645-ENSG00000225724-ENSG00000223350-ENSG00000232515-ENSG00000211647-ENSG00000211648-ENSG00000237428-ENSG00000211649-ENSG00000232603-ENSG00000211650-ENSG00000211651-ENSG00000211652-ENSG00000254175-ENSG00000254073-ENSG00000253818-ENSG00000211653-ENSG00000224144-ENSG00000253889-ENSG00000211654-ENSG00000211655-ENSG00000230821-ENSG00000253631-ENSG00000226595-ENSG00000133519-ENSG00000288861-ENSG00000287864-ENSG00000225413-ENSG00000280623-ENSG00000224277-ENSG00000128322-ENSG00000272733-ENSG00000278655-ENSG00000189269-ENSG00000275609-ENSG00000211683-ENSG00000234353-ENSG00000244723-ENSG00000275004-ENSG00000169548-ENSG00000185686-ENSG00000220891-ENSG00000253120-ENSG00000211656-ENSG00000211657-ENSG00000253920-ENSG00000253329-ENSG00000215456-ENSG00000286941-ENSG00000183169-ENSG00000100121-ENSG00000253338-ENSG00000253451-ENSG00000211658-ENSG00000253913-ENSG00000253779-ENSG00000211659-ENSG00000232350-ENSG00000223999-ENSG00000253822-ENSG00000211660-ENSG00000253546-ENSG00000211661-ENSG00000211662-ENSG00000254240-ENSG00000211663-ENSG00000278667-ENSG00000211664-ENSG00000253152-ENSG00000211665-ENSG00000253786-ENSG00000211666-ENSG00000234928-ENSG00000289120
3	195720000	197350000	6.56327115714497	41.3214840477018	3q29	74	ENSG00000235897-ENSG00000145113-ENSG00000213123-ENSG00000242086-ENSG00000163959-ENSG00000161217-ENSG00000174013-ENSG00000237418-ENSG00000226345-ENSG00000225770-ENSG00000225822-ENSG00000163961-ENSG00000273331-ENSG00000228028-ENSG00000286661-ENSG00000163958-ENSG00000225240-ENSG00000273013-ENSG00000185798-ENSG00000272741-ENSG00000163960-ENSG00000214097-ENSG00000213358-ENSG00000212146-ENSG00000206644-ENSG00000241868-ENSG00000243339-ENSG00000222335-ENSG00000145107-ENSG00000174004-ENSG00000201441-ENSG00000180370-ENSG00000272359-ENSG00000206892-ENSG00000174007-ENSG00000223783-ENSG00000235836-ENSG00000276489-ENSG00000286004-ENSG00000224614-ENSG00000260261-ENSG00000239122-ENSG00000231443-ENSG00000185485-ENSG00000286168-ENSG00000231464-ENSG00000228413-ENSG00000252174-ENSG00000163964-ENSG00000176945-ENSG00000230732-ENSG00000114503-ENSG00000225578-ENSG00000270170-ENSG00000119227-ENSG00000286017-ENSG00000233487-ENSG00000232065-ENSG00000289446-ENSG00000119231-ENSG00000163975-ENSG00000075711-ENSG00000289396-ENSG00000265850-ENSG00000227375-ENSG00000286870-ENSG00000061938-ENSG00000289747-ENSG00000289219-ENSG00000072274-ENSG00000288990-ENSG00000224652-ENSG00000228109-ENSG00000290054
7	72740000	74140000	9.2683112619	46.467436334087	WBS	62	ENSG00000176428-ENSG00000176410-ENSG00000071462-ENSG00000106089-ENSG00000265724-ENSG00000241709-ENSG00000165215-ENSG00000165171-ENSG00000175877-ENSG00000261467-ENSG00000106683-ENSG00000189143-ENSG00000270555-ENSG00000266569-ENSG00000274656-ENSG00000272843-ENSG00000106133-ENSG00000285886-ENSG00000155428-ENSG00000174353-ENSG00000205584-ENSG00000276178-ENSG00000229018-ENSG00000201282-ENSG00000273897-ENSG00000273927-ENSG00000285702-ENSG00000277125-ENSG00000274984-ENSG00000199913-ENSG00000174384-ENSG00000233523-ENSG00000106077-ENSG00000233369-ENSG00000182487-ENSG00000214544-ENSG00000205578-ENSG00000130305-ENSG00000225005-ENSG00000146755-ENSG00000077800-ENSG00000206709-ENSG00000202035-ENSG00000188763-ENSG00000196313-ENSG00000009954-ENSG00000252713-ENSG00000106635-ENSG00000009950-ENSG00000274080-ENSG00000106638-ENSG00000049540-ENSG00000262461-ENSG00000275976-ENSG00000274570-ENSG00000273520-ENSG00000289042-ENSG00000179994-ENSG00000277149-ENSG00000225969-ENSG00000232415-ENSG00000225648
7	75140000	76060000	3.7198304338	15.9127513835756	7g11.23d	40	ENSG00000276592-ENSG00000277675-ENSG00000263081-ENSG00000275121-ENSG00000276840-ENSG00000267828-ENSG00000273598-ENSG00000202021-ENSG00000278416-ENSG00000199870-ENSG00000275930-ENSG00000146722-ENSG00000165178-ENSG00000277053-ENSG00000272391-ENSG00000242073-ENSG00000200874-ENSG00000127946-ENSG00000279996-ENSG00000006606-ENSG00000106178-ENSG00000219039-ENSG00000005486-ENSG00000284334-ENSG00000235090-ENSG00000201643-ENSG00000189077-ENSG00000127952-ENSG00000280388-ENSG00000146701-ENSG00000286137-ENSG00000174428-ENSG00000170092-ENSG00000286038-ENSG00000286014-ENSG00000127948-ENSG00000205583-ENSG00000178809-ENSG00000127957-ENSG00000223705
8	8100000	11870000	3.3067789779699	26.6744633565301	8p23.1	104	ENSG00000272267-ENSG00000254839-ENSG00000272505-ENSG00000253252-ENSG00000253958-ENSG00000254237-ENSG00000173281-ENSG00000261451-ENSG00000253887-ENSG00000173273-ENSG00000253130-ENSG00000175806-ENSG00000285237-ENSG00000286622-ENSG00000280294-ENSG00000248896-ENSG00000184647-ENSG00000253649-ENSG00000269918-ENSG00000275342-ENSG00000254340-ENSG00000260093-ENSG00000286910-ENSG00000253735-ENSG00000147324-ENSG00000254093-ENSG00000253678-ENSG00000253343-ENSG00000285606-ENSG00000254936-ENSG00000171056-ENSG00000258724-ENSG00000249848-ENSG00000253774-ENSG00000104626-ENSG00000253505-ENSG00000253641-ENSG00000270966-ENSG00000279949-ENSG00000254091-ENSG00000171044-ENSG00000254556-ENSG00000253695-ENSG00000233609-ENSG00000249050-ENSG00000231965-ENSG00000183638-ENSG00000284717-ENSG00000253697-ENSG00000270076-ENSG00000171060-ENSG00000254367-ENSG00000255310-ENSG00000263407-ENSG00000239078-ENSG00000197334-ENSG00000284321-ENSG00000263616-ENSG00000207244-ENSG00000207415-ENSG00000201815-ENSG00000263762-ENSG00000212433-ENSG00000200713-ENSG00000283210-ENSG00000207128-ENSG00000207701-ENSG00000207600-ENSG00000269954-ENSG00000170983-ENSG00000227203-ENSG00000079459-ENSG00000255046-ENSG00000154328-ENSG00000164733-ENSG00000284606-ENSG00000254311-ENSG00000249188-ENSG00000253893-ENSG00000268955-ENSG00000236827-ENSG00000239315-ENSG00000249316-ENSG00000280273-ENSG00000104643-ENSG00000246477-ENSG00000177710-ENSG00000154316-ENSG00000255020-ENSG00000184608-ENSG00000242483-ENSG00000199368-ENSG00000154319-ENSG00000284957-ENSG00000286985-ENSG00000136574-ENSG00000254153-ENSG00000136573-ENSG00000289622-ENSG00000253981-ENSG00000173295-ENSG00000253230-ENSG00000248538-ENSG00000285675
